row_idx,set,gap_mm,Q_total_mL_min,j_mA_cm2,phi_AN,We_aq,We_org,FE_ADN_obs,FE_PN_obs,FE_TCH_obs,FE_ADN_pred,FE_PN_pred,FE_HER_pred,FE_TCH_pred,V_cathode_pred,converged
56,core,0.50,2.0,80,0.2900,0.0067,9.0000e-04,51.00,1.50,10.90,63.28,8.56,14.92,13.24,-1.8371,1
57,core,0.50,2.0,85,0.1600,0.0093,2.7000e-04,60.70,2.00,13.50,62.74,8.77,15.39,13.10,-1.8433,1
58,core,0.50,2.0,101,0.0800,0.0110,6.9000e-05,71.50,3.00,16.60,59.84,9.75,18.03,12.38,-1.8651,1
59,core,0.50,2.0,116,0.2400,0.0076,6.2000e-04,60.90,2.20,13.70,62.69,9.12,15.22,12.97,-1.8624,1
60,core,0.50,2.0,131,0.0400,0.0120,1.7000e-05,70.60,10.50,8.60,38.11,13.72,40.48,7.69,-1.9351,1
61,core,0.50,2.0,147,0.2000,0.0085,4.3000e-04,65.30,2.80,14.70,61.50,9.73,16.14,12.62,-1.8814,1
62,core,0.50,2.0,162,0.1200,0.0100,1.5000e-04,69.70,3.70,16.10,59.82,10.32,17.65,12.22,-1.8937,1
63,core,0.50,2.0,177,0.2800,0.0069,8.4000e-04,67.70,2.40,14.10,61.20,10.03,16.27,12.49,-1.8934,1
74,core,0.50,6.0,80,0.2900,0.0600,8.1000e-03,60.40,5.50,12.10,64.12,8.31,14.13,13.43,-1.8340,1
75,core,0.50,6.0,85,0.1600,0.0840,2.5000e-03,61.00,9.50,12.80,63.85,8.45,14.34,13.35,-1.8391,1
76,core,0.50,6.0,101,0.0800,0.1000,6.2000e-04,65.10,10.50,13.90,62.07,9.15,15.90,12.88,-1.8573,1
77,core,0.50,6.0,116,0.2400,0.0690,5.6000e-03,58.80,7.60,12.70,64.16,8.68,13.86,13.31,-1.8568,1
78,core,0.50,6.0,131,0.0400,0.1100,1.5000e-04,65.80,8.60,14.60,46.08,12.87,31.71,9.35,-1.9196,1
79,core,0.50,6.0,147,0.2000,0.0760,3.9000e-03,58.40,8.50,12.50,63.75,9.05,14.07,13.13,-1.8731,1
80,core,0.50,6.0,162,0.1200,0.0920,1.4000e-03,63.10,9.90,12.80,62.96,9.40,14.72,12.92,-1.8825,1
81,core,0.50,6.0,177,0.2800,0.0620,7.6000e-03,62.00,4.60,12.40,63.81,9.23,13.88,13.07,-1.8839,1
92,core,0.50,10.0,80,0.2900,0.1700,2.3000e-02,68.10,3.40,14.80,64.40,8.23,13.87,13.50,-1.8330,1
93,core,0.50,10.0,85,0.1600,0.2300,6.9000e-03,65.50,11.70,12.30,64.22,8.35,14.01,13.43,-1.8377,1
94,core,0.50,10.0,101,0.0800,0.2800,1.7000e-03,74.70,10.70,14.80,62.75,8.95,15.26,13.04,-1.8547,1
95,core,0.50,10.0,116,0.2400,0.1900,1.5000e-02,58.60,14.10,11.50,64.63,8.54,13.43,13.41,-1.8550,1
96,core,0.50,10.0,131,0.0400,0.3000,4.3000e-04,53.60,18.20,12.50,48.80,12.44,28.84,9.92,-1.9135,1
97,core,0.50,10.0,147,0.2000,0.2100,1.1000e-02,47.30,18.90,10.60,64.43,8.84,13.45,13.28,-1.8704,1
98,core,0.50,10.0,162,0.1200,0.2600,3.9000e-03,56.60,15.60,11.60,63.88,9.12,13.88,13.12,-1.8789,1
99,core,0.50,10.0,177,0.2800,0.1700,2.1000e-02,61.60,1.90,14.70,64.58,8.98,13.19,13.25,-1.8809,1
110,core,1.00,2.0,80,0.2900,0.0033,4.5000e-04,61.50,2.20,13.00,61.60,9.02,16.52,12.86,-1.8430,1
111,core,1.00,2.0,85,0.1600,0.0047,1.4000e-04,70.50,2.60,15.10,60.44,9.40,17.59,12.58,-1.8514,1
112,core,1.00,2.0,101,0.0800,0.0056,3.4000e-05,74.60,3.30,16.70,54.82,10.93,22.96,11.28,-1.8803,1
113,core,1.00,2.0,116,0.2400,0.0038,3.1000e-04,66.50,2.90,14.20,59.49,10.00,18.25,12.26,-1.8732,1
114,core,1.00,2.0,131,0.0400,0.0061,8.6000e-06,67.40,13.20,7.40,26.93,13.90,53.76,5.41,-1.9529,1
115,core,1.00,2.0,147,0.2000,0.0042,2.1000e-04,70.70,3.50,13.30,56.23,11.11,21.19,11.47,-1.8981,1
116,core,1.00,2.0,162,0.1200,0.0051,7.7000e-05,69.40,7.40,13.40,52.19,12.13,25.10,10.58,-1.9156,1
117,core,1.00,2.0,177,0.2800,0.0034,4.2000e-04,69.80,5.10,11.40,54.90,11.67,22.30,11.13,-1.9124,1
128,core,1.00,6.0,80,0.2900,0.0300,4.1000e-03,59.00,8.90,12.70,63.10,8.61,15.10,13.20,-1.8378,1
129,core,1.00,6.0,85,0.1600,0.0420,1.2000e-03,64.60,12.00,13.20,62.49,8.84,15.62,13.04,-1.8442,1
130,core,1.00,6.0,101,0.0800,0.0500,3.1000e-04,77.40,8.00,17.10,59.33,9.88,18.52,12.27,-1.8668,1
131,core,1.00,6.0,116,0.2400,0.0340,2.8000e-03,64.30,5.80,14.00,62.36,9.22,15.53,12.90,-1.8636,1
132,core,1.00,6.0,131,0.0400,0.0550,7.7000e-05,73.30,8.30,15.60,36.56,13.82,42.25,7.37,-1.9378,1
133,core,1.00,6.0,147,0.2000,0.0380,1.9000e-03,64.40,9.50,12.70,60.98,9.88,16.64,12.51,-1.8833,1
134,core,1.00,6.0,162,0.1200,0.0460,6.9000e-04,69.80,9.80,13.40,59.06,10.52,18.36,12.05,-1.8962,1
135,core,1.00,6.0,177,0.2800,0.0310,3.8000e-03,63.20,8.70,12.40,60.58,10.21,16.85,12.36,-1.8955,1
146,core,1.00,10.0,80,0.2900,0.0830,1.1000e-02,52.70,10.90,11.70,63.57,8.47,14.65,13.31,-1.8361,1
147,core,1.00,10.0,85,0.1600,0.1200,3.4000e-03,71.60,8.90,15.10,63.13,8.66,15.02,13.18,-1.8419,1
148,core,1.00,10.0,101,0.0800,0.1400,8.6000e-04,79.90,8.50,17.60,60.64,9.54,17.26,12.56,-1.8624,1
149,core,1.00,10.0,116,0.2400,0.0960,7.7000e-03,60.90,7.40,14.50,63.21,8.97,14.73,13.09,-1.8604,1
150,core,1.00,10.0,131,0.0400,0.1500,2.1000e-04,73.90,6.90,17.50,40.77,13.50,37.49,8.24,-1.9303,1
151,core,1.00,10.0,147,0.2000,0.1100,5.4000e-03,60.20,8.40,13.50,62.32,9.49,15.38,12.81,-1.8785,1
152,core,1.00,10.0,162,0.1200,0.1300,1.9000e-03,76.70,8.00,14.80,60.98,9.99,16.55,12.47,-1.8898,1
153,core,1.00,10.0,177,0.2800,0.0860,1.1000e-02,60.10,11.80,10.70,62.16,9.75,15.39,12.71,-1.8900,1
56,extended,0.50,2.0,80,0.2900,0.0067,9.0000e-04,51.00,1.50,10.90,63.28,8.56,14.92,13.24,-1.8371,1
57,extended,0.50,2.0,85,0.1600,0.0093,2.7000e-04,60.70,2.00,13.50,62.74,8.77,15.39,13.10,-1.8433,1
58,extended,0.50,2.0,101,0.0800,0.0110,6.9000e-05,71.50,3.00,16.60,59.84,9.75,18.03,12.38,-1.8651,1
59,extended,0.50,2.0,116,0.2400,0.0076,6.2000e-04,60.90,2.20,13.70,62.69,9.12,15.22,12.97,-1.8624,1
60,extended,0.50,2.0,131,0.0400,0.0120,1.7000e-05,70.60,10.50,8.60,38.11,13.72,40.48,7.69,-1.9351,1
61,extended,0.50,2.0,147,0.2000,0.0085,4.3000e-04,65.30,2.80,14.70,61.50,9.73,16.14,12.62,-1.8814,1
62,extended,0.50,2.0,162,0.1200,0.0100,1.5000e-04,69.70,3.70,16.10,59.82,10.32,17.65,12.22,-1.8937,1
63,extended,0.50,2.0,177,0.2800,0.0069,8.4000e-04,67.70,2.40,14.10,61.20,10.03,16.27,12.49,-1.8934,1
65,extended,0.50,2.0,208,0.1800,0.0089,3.5000e-04,70.40,4.30,14.30,58.11,11.09,19.03,11.77,-1.9142,1
66,extended,0.50,2.0,223,0.1000,0.0110,1.1000e-04,75.50,8.30,16.00,54.89,12.00,22.06,11.06,-1.9286,1
67,extended,0.50,2.0,239,0.2600,0.0072,7.2000e-04,74.30,4.40,12.60,57.73,11.38,19.26,11.64,-1.9232,1
68,extended,0.50,2.0,254,0.0600,0.0120,3.9000e-05,70.60,13.10,10.70,33.32,15.18,44.92,6.59,-1.9840,1
69,extended,0.50,2.0,269,0.2200,0.0080,5.2000e-04,75.00,6.20,12.20,54.53,12.35,22.19,10.92,-1.9400,1
70,extended,0.50,2.0,285,0.1400,0.0098,2.1000e-04,73.00,9.20,12.40,50.24,13.38,26.37,10.01,-1.9554,1
72,extended,0.50,2.0,290,0.2900,0.0067,9.0000e-04,73.10,4.50,10.50,54.82,12.39,21.83,10.96,-1.9430,1
74,extended,0.50,6.0,80,0.2900,0.0600,8.1000e-03,60.40,5.50,12.10,64.12,8.31,14.13,13.43,-1.8340,1
75,extended,0.50,6.0,85,0.1600,0.0840,2.5000e-03,61.00,9.50,12.80,63.85,8.45,14.34,13.35,-1.8391,1
76,extended,0.50,6.0,101,0.0800,0.1000,6.2000e-04,65.10,10.50,13.90,62.07,9.15,15.90,12.88,-1.8573,1
77,extended,0.50,6.0,116,0.2400,0.0690,5.6000e-03,58.80,7.60,12.70,64.16,8.68,13.86,13.31,-1.8568,1
78,extended,0.50,6.0,131,0.0400,0.1100,1.5000e-04,65.80,8.60,14.60,46.08,12.87,31.71,9.35,-1.9196,1
79,extended,0.50,6.0,147,0.2000,0.0760,3.9000e-03,58.40,8.50,12.50,63.75,9.05,14.07,13.13,-1.8731,1
80,extended,0.50,6.0,162,0.1200,0.0920,1.4000e-03,63.10,9.90,12.80,62.96,9.40,14.72,12.92,-1.8825,1
81,extended,0.50,6.0,177,0.2800,0.0620,7.6000e-03,62.00,4.60,12.40,63.81,9.23,13.88,13.07,-1.8839,1
83,extended,0.50,6.0,208,0.1800,0.0800,3.1000e-03,60.90,10.50,12.80,62.42,9.85,15.02,12.71,-1.8997,1
84,extended,0.50,6.0,223,0.1000,0.0960,9.6000e-04,65.00,10.20,14.00,60.92,10.39,16.34,12.35,-1.9098,1
85,extended,0.50,6.0,239,0.2600,0.0650,6.5000e-03,66.30,5.20,13.60,62.42,10.01,14.91,12.66,-1.9077,1
86,extended,0.50,6.0,254,0.0600,0.1100,3.5000e-04,62.10,10.10,14.00,45.04,14.10,31.89,8.97,-1.9624,1
87,extended,0.50,6.0,269,0.2200,0.0720,4.7000e-03,65.30,5.90,13.50,61.03,10.58,16.07,12.31,-1.9202,1
88,extended,0.50,6.0,285,0.1400,0.0880,1.9000e-03,69.20,5.90,14.20,58.94,11.27,17.94,11.84,-1.9314,1
90,extended,0.50,6.0,290,0.2900,0.0600,8.1000e-03,63.40,7.70,12.10,61.28,10.60,15.78,12.34,-1.9234,1
92,extended,0.50,10.0,80,0.2900,0.1700,2.3000e-02,68.10,3.40,14.80,64.40,8.23,13.87,13.50,-1.8330,1
93,extended,0.50,10.0,85,0.1600,0.2300,6.9000e-03,65.50,11.70,12.30,64.22,8.35,14.01,13.43,-1.8377,1
94,extended,0.50,10.0,101,0.0800,0.2800,1.7000e-03,74.70,10.70,14.80,62.75,8.95,15.26,13.04,-1.8547,1
95,extended,0.50,10.0,116,0.2400,0.1900,1.5000e-02,58.60,14.10,11.50,64.63,8.54,13.43,13.41,-1.8550,1
96,extended,0.50,10.0,131,0.0400,0.3000,4.3000e-04,53.60,18.20,12.50,48.80,12.44,28.84,9.92,-1.9135,1
97,extended,0.50,10.0,147,0.2000,0.2100,1.1000e-02,47.30,18.90,10.60,64.43,8.84,13.45,13.28,-1.8704,1
98,extended,0.50,10.0,162,0.1200,0.2600,3.9000e-03,56.60,15.60,11.60,63.88,9.12,13.88,13.12,-1.8789,1
99,extended,0.50,10.0,177,0.2800,0.1700,2.1000e-02,61.60,1.90,14.70,64.58,8.98,13.19,13.25,-1.8809,1
101,extended,0.50,10.0,208,0.1800,0.2200,8.7000e-03,48.90,17.70,10.90,63.63,9.47,13.93,12.98,-1.8951,1
102,extended,0.50,10.0,223,0.1000,0.2700,2.7000e-03,50.40,17.70,10.70,62.57,9.88,14.83,12.72,-1.9038,1
103,extended,0.50,10.0,239,0.2600,0.1800,1.8000e-02,65.80,3.50,14.10,63.72,9.59,13.74,12.95,-1.9028,1
104,extended,0.50,10.0,254,0.0600,0.2900,9.6000e-04,47.10,18.90,10.80,49.70,13.31,27.07,9.93,-1.9520,1
105,extended,0.50,10.0,269,0.2200,0.2000,1.3000e-02,49.90,15.90,10.80,62.78,10.03,14.49,12.70,-1.9139,1
106,extended,0.50,10.0,285,0.1400,0.2400,5.3000e-03,49.40,18.80,10.10,61.33,10.56,15.75,12.36,-1.9233,1
108,extended,0.50,10.0,290,0.2900,0.1700,2.3000e-02,63.80,6.20,12.80,63.02,10.04,14.22,12.72,-1.9171,1
110,extended,1.00,2.0,80,0.2900,0.0033,4.5000e-04,61.50,2.20,13.00,61.60,9.02,16.52,12.86,-1.8430,1
111,extended,1.00,2.0,85,0.1600,0.0047,1.4000e-04,70.50,2.60,15.10,60.44,9.40,17.59,12.58,-1.8514,1
112,extended,1.00,2.0,101,0.0800,0.0056,3.4000e-05,74.60,3.30,16.70,54.82,10.93,22.96,11.28,-1.8803,1
113,extended,1.00,2.0,116,0.2400,0.0038,3.1000e-04,66.50,2.90,14.20,59.49,10.00,18.25,12.26,-1.8732,1
114,extended,1.00,2.0,131,0.0400,0.0061,8.6000e-06,67.40,13.20,7.40,26.93,13.90,53.76,5.41,-1.9529,1
115,extended,1.00,2.0,147,0.2000,0.0042,2.1000e-04,70.70,3.50,13.30,56.23,11.11,21.19,11.47,-1.8981,1
116,extended,1.00,2.0,162,0.1200,0.0051,7.7000e-05,69.40,7.40,13.40,52.19,12.13,25.10,10.58,-1.9156,1
117,extended,1.00,2.0,177,0.2800,0.0034,4.2000e-04,69.80,5.10,11.40,54.90,11.67,22.30,11.13,-1.9124,1
119,extended,1.00,2.0,208,0.1800,0.0044,1.7000e-04,71.40,6.90,11.50,47.74,13.34,29.35,9.57,-1.9409,1
120,extended,1.00,2.0,223,0.1000,0.0054,5.4000e-05,74.40,8.00,10.40,41.84,14.30,35.52,8.34,-1.9582,1
121,extended,1.00,2.0,239,0.2600,0.0036,3.6000e-04,74.20,6.50,9.50,46.51,13.77,30.43,9.28,-1.9510,1
122,extended,1.00,2.0,254,0.0600,0.0058,1.9000e-05,62.40,11.50,6.60,21.25,14.64,59.92,4.18,-2.0011,1
123,extended,1.00,2.0,269,0.2200,0.0040,2.6000e-04,74.80,7.70,8.70,40.79,14.75,36.37,8.09,-1.9701,1
124,extended,1.00,2.0,285,0.1400,0.0049,1.1000e-04,73.80,7.80,8.80,35.13,15.32,42.62,6.93,-1.9846,1
126,extended,1.00,2.0,290,0.2900,0.0033,4.5000e-04,72.00,6.10,7.90,41.03,14.86,35.99,8.12,-1.9730,1
128,extended,1.00,6.0,80,0.2900,0.0300,4.1000e-03,59.00,8.90,12.70,63.10,8.61,15.10,13.20,-1.8378,1
129,extended,1.00,6.0,85,0.1600,0.0420,1.2000e-03,64.60,12.00,13.20,62.49,8.84,15.62,13.04,-1.8442,1
130,extended,1.00,6.0,101,0.0800,0.0500,3.1000e-04,77.40,8.00,17.10,59.33,9.88,18.52,12.27,-1.8668,1
131,extended,1.00,6.0,116,0.2400,0.0340,2.8000e-03,64.30,5.80,14.00,62.36,9.22,15.53,12.90,-1.8636,1
132,extended,1.00,6.0,131,0.0400,0.0550,7.7000e-05,73.30,8.30,15.60,36.56,13.82,42.25,7.37,-1.9378,1
133,extended,1.00,6.0,147,0.2000,0.0380,1.9000e-03,64.40,9.50,12.70,60.98,9.88,16.64,12.51,-1.8833,1
134,extended,1.00,6.0,162,0.1200,0.0460,6.9000e-04,69.80,9.80,13.40,59.06,10.52,18.36,12.05,-1.8962,1
135,extended,1.00,6.0,177,0.2800,0.0310,3.8000e-03,63.20,8.70,12.40,60.58,10.21,16.85,12.36,-1.8955,1
137,extended,1.00,6.0,208,0.1800,0.0400,1.6000e-03,69.70,6.40,13.20,57.06,11.37,20.04,11.54,-1.9174,1
138,extended,1.00,6.0,223,0.1000,0.0480,4.8000e-04,73.50,8.90,13.60,53.42,12.33,23.50,10.75,-1.9326,1
139,extended,1.00,6.0,239,0.2600,0.0330,3.3000e-03,68.10,8.50,11.60,56.57,11.68,20.36,11.39,-1.9266,1
140,extended,1.00,6.0,254,0.0600,0.0530,1.7000e-04,56.00,11.40,9.70,31.40,15.21,47.19,6.20,-1.9870,1
141,extended,1.00,6.0,269,0.2200,0.0360,2.3000e-03,64.40,11.00,9.70,52.96,12.71,23.73,10.59,-1.9442,1
142,extended,1.00,6.0,285,0.1400,0.0440,9.5000e-04,68.20,11.50,9.80,48.27,13.76,28.37,9.60,-1.9599,1
144,extended,1.00,6.0,290,0.2900,0.0300,4.1000e-03,60.10,16.30,7.60,53.25,12.76,23.36,10.63,-1.9472,1
146,extended,1.00,10.0,80,0.2900,0.0830,1.1000e-02,52.70,10.90,11.70,63.57,8.47,14.65,13.31,-1.8361,1
147,extended,1.00,10.0,85,0.1600,0.1200,3.4000e-03,71.60,8.90,15.10,63.13,8.66,15.02,13.18,-1.8419,1
148,extended,1.00,10.0,101,0.0800,0.1400,8.6000e-04,79.90,8.50,17.60,60.64,9.54,17.26,12.56,-1.8624,1
149,extended,1.00,10.0,116,0.2400,0.0960,7.7000e-03,60.90,7.40,14.50,63.21,8.97,14.73,13.09,-1.8604,1
150,extended,1.00,10.0,131,0.0400,0.1500,2.1000e-04,73.90,6.90,17.50,40.77,13.50,37.49,8.24,-1.9303,1
151,extended,1.00,10.0,147,0.2000,0.1100,5.4000e-03,60.20,8.40,13.50,62.32,9.49,15.38,12.81,-1.8785,1
152,extended,1.00,10.0,162,0.1200,0.1300,1.9000e-03,76.70,8.00,14.80,60.98,9.99,16.55,12.47,-1.8898,1
153,extended,1.00,10.0,177,0.2800,0.0860,1.1000e-02,60.10,11.80,10.70,62.16,9.75,15.39,12.71,-1.8900,1
155,extended,1.00,10.0,208,0.1800,0.1100,4.3000e-03,64.90,11.50,11.20,59.73,10.65,17.51,12.12,-1.9091,1
156,extended,1.00,10.0,223,0.1000,0.1300,1.3000e-03,70.60,12.80,11.90,57.15,11.44,19.87,11.54,-1.9221,1
157,extended,1.00,10.0,239,0.2600,0.0910,9.1000e-03,58.50,14.00,9.80,59.50,10.89,17.59,12.02,-1.9177,1
158,extended,1.00,10.0,254,0.0600,0.1500,4.8000e-04,69.30,15.60,12.10,36.87,15.00,40.83,7.30,-1.9780,1
159,extended,1.00,10.0,269,0.2200,0.1000,6.5000e-03,61.90,12.40,9.70,56.98,11.73,19.84,11.44,-1.9332,1
160,extended,1.00,10.0,285,0.1400,0.1200,2.6000e-03,67.60,11.40,10.50,53.43,12.69,23.21,10.67,-1.9474,1
162,extended,1.00,10.0,290,0.2900,0.0830,1.1000e-02,61.80,10.90,9.60,57.26,11.76,19.50,11.48,-1.9362,1
2,holdout,0.25,2.0,80,0.2900,0.0130,1.8000e-03,43.90,2.00,9.70,64.26,8.27,14.00,13.46,-1.8335,1
3,holdout,0.25,2.0,85,0.1600,0.0190,5.5000e-04,46.40,3.10,10.00,64.03,8.40,14.18,13.39,-1.8385,1
4,holdout,0.25,2.0,101,0.0800,0.0220,1.4000e-04,45.80,5.60,9.90,62.40,9.06,15.59,12.96,-1.8561,1
5,holdout,0.25,2.0,116,0.2400,0.0150,1.2000e-03,47.50,2.30,11.20,64.38,8.61,13.65,13.36,-1.8560,1
6,holdout,0.25,2.0,131,0.0400,0.0240,3.4000e-05,6.00,6.30,0.80,47.38,12.67,30.33,9.62,-1.9167,1
7,holdout,0.25,2.0,147,0.2000,0.0170,8.6000e-04,54.10,1.60,12.90,64.08,8.95,13.77,13.20,-1.8718,1
8,holdout,0.25,2.0,162,0.1200,0.0200,3.1000e-04,49.90,6.00,12.20,63.41,9.27,14.31,13.02,-1.8808,1
9,holdout,0.25,2.0,177,0.2800,0.0140,1.7000e-03,55.00,1.50,13.60,64.18,9.11,13.55,13.16,-1.8825,1
11,holdout,0.25,2.0,208,0.1800,0.0180,6.9000e-04,43.40,9.50,9.60,63.01,9.67,14.49,12.84,-1.8975,1
12,holdout,0.25,2.0,223,0.1000,0.0210,2.1000e-04,23.40,4.90,4.30,61.73,10.14,15.59,12.53,-1.9069,1
13,holdout,0.25,2.0,239,0.2600,0.0140,1.4000e-03,66.30,1.70,15.00,63.06,9.81,14.34,12.80,-1.9053,1
14,holdout,0.25,2.0,254,0.0600,0.0230,7.7000e-05,0.00,3.60,0.00,47.25,13.75,29.58,9.42,-1.9576,1
15,holdout,0.25,2.0,269,0.2200,0.0160,1.0000e-03,51.70,3.60,10.20,61.89,10.32,15.29,12.50,-1.9172,1
16,holdout,0.25,2.0,285,0.1400,0.0200,4.2000e-04,31.50,7.10,5.70,60.12,10.93,16.85,12.10,-1.9275,1
18,holdout,0.25,2.0,290,0.2900,0.0130,1.8000e-03,68.80,2.30,13.00,62.14,10.33,15.01,12.53,-1.9203,1
20,holdout,0.25,6.0,80,0.2900,0.1200,1.6000e-02,41.80,22.60,6.70,64.75,8.13,13.55,13.58,-1.8317,1
21,holdout,0.25,6.0,85,0.1600,0.1700,4.9000e-03,70.30,3.70,14.00,64.66,8.21,13.59,13.53,-1.8360,1
22,holdout,0.25,6.0,101,0.0800,0.2000,1.2000e-03,64.30,16.70,10.70,63.57,8.72,14.50,13.22,-1.8515,1
23,holdout,0.25,6.0,116,0.2400,0.1400,1.1000e-02,58.20,2.80,12.60,65.19,8.36,12.92,13.54,-1.8527,1
24,holdout,0.25,6.0,131,0.0400,0.2200,3.1000e-04,22.60,19.30,3.20,52.02,11.86,25.51,10.60,-1.9057,1
25,holdout,0.25,6.0,147,0.2000,0.1500,7.7000e-03,58.50,6.10,11.40,65.24,8.58,12.72,13.46,-1.8671,1
26,holdout,0.25,6.0,162,0.1200,0.1800,2.8000e-03,52.60,22.40,7.50,64.94,8.77,12.93,13.36,-1.8746,1
27,holdout,0.25,6.0,177,0.2800,0.1200,1.5000e-02,55.50,7.10,10.20,65.48,8.68,12.38,13.45,-1.8772,1
29,holdout,0.25,6.0,208,0.1800,0.1600,6.2000e-03,60.20,6.70,10.80,64.98,9.02,12.72,13.28,-1.8896,1
30,holdout,0.25,6.0,223,0.1000,0.1900,1.9000e-03,40.60,32.50,5.70,64.37,9.30,13.21,13.12,-1.8968,1
31,holdout,0.25,6.0,239,0.2600,0.1300,1.3000e-02,61.10,4.50,11.90,65.16,9.10,12.47,13.27,-1.8970,1
32,holdout,0.25,6.0,254,0.0600,0.2100,6.9000e-04,0.10,6.30,0.80,55.19,12.11,21.62,11.08,-1.9377,1
33,holdout,0.25,6.0,269,0.2200,0.1400,9.3000e-03,59.40,7.30,10.80,64.67,9.40,12.82,13.12,-1.9065,1
34,holdout,0.25,6.0,285,0.1400,0.1800,3.8000e-03,47.60,20.70,6.80,63.84,9.74,13.50,12.91,-1.9138,1
36,holdout,0.25,6.0,290,0.2900,0.1200,1.6000e-02,62.00,5.70,11.40,64.89,9.40,12.57,13.14,-1.9098,1
38,holdout,0.25,10.0,80,0.2900,0.3300,4.5000e-02,45.80,20.80,9.10,64.92,8.08,13.39,13.62,-1.8310,1
39,holdout,0.25,10.0,85,0.1600,0.4700,1.4000e-02,33.40,40.50,0.20,64.87,8.15,13.40,13.58,-1.8351,1
40,holdout,0.25,10.0,101,0.0800,0.5600,3.4000e-03,50.20,29.10,6.30,63.95,8.60,14.14,13.31,-1.8500,1
41,holdout,0.25,10.0,116,0.2400,0.3800,3.1000e-02,40.40,22.80,7.30,65.45,8.27,12.67,13.60,-1.8516,1
42,holdout,0.25,10.0,131,0.0400,0.6100,8.6000e-04,20.90,13.50,0.10,53.49,11.56,24.03,10.92,-1.9020,1
43,holdout,0.25,10.0,147,0.2000,0.4200,2.1000e-02,25.80,29.90,4.30,65.61,8.45,12.39,13.55,-1.8656,1
44,holdout,0.25,10.0,162,0.1200,0.5100,7.7000e-03,36.50,24.60,5.50,65.42,8.61,12.50,13.47,-1.8725,1
45,holdout,0.25,10.0,177,0.2800,0.3400,4.2000e-02,38.00,19.80,8.50,65.90,8.54,12.02,13.55,-1.8755,1
47,holdout,0.25,10.0,208,0.1800,0.4400,1.7000e-02,23.20,28.70,3.80,65.58,8.81,12.19,13.41,-1.8870,1
48,holdout,0.25,10.0,223,0.1000,0.5400,5.4000e-03,28.80,18.40,5.00,65.15,9.04,12.53,13.29,-1.8935,1
49,holdout,0.25,10.0,239,0.2600,0.3600,3.6000e-02,34.90,23.40,7.00,65.79,8.88,11.92,13.41,-1.8943,1
50,holdout,0.25,10.0,254,0.0600,0.5800,1.9000e-03,20.20,19.70,3.80,57.53,11.51,19.38,11.58,-1.9307,1
51,holdout,0.25,10.0,269,0.2200,0.4000,2.6000e-02,21.90,25.90,4.30,65.48,9.11,12.11,13.30,-1.9031,1
52,holdout,0.25,10.0,285,0.1400,0.4900,1.1000e-02,19.70,23.40,4.00,64.88,9.38,12.59,13.14,-1.9095,1
54,holdout,0.25,10.0,290,0.2900,0.3300,4.5000e-02,45.40,14.20,9.30,65.69,9.12,11.88,13.32,-1.9065,1
