row_idx,set,gap_mm,Q_total_mL_min,j_mA_cm2,phi_AN,We_aq,We_org,FE_ADN_obs,FE_PN_obs,FE_TCH_obs,FE_ADN_pred,FE_PN_pred,FE_TCH_pred,V_cathode_pred,converged
2,holdout,0.25,2.0,80.0,0.29,0.013,0.0018,43.9,2.0,9.7,64.25868003266898,8.27389410614176,13.464200116599233,-1.833576875,1
3,holdout,0.25,2.0,85.0,0.16,0.019,0.00055,46.4,3.1,10.0,64.02657912774757,8.402944694240448,13.388675618160503,-1.8384753125,1
4,holdout,0.25,2.0,101.0,0.08,0.022,0.00014,45.8,5.6,9.9,62.39673234300341,9.055888947419195,12.955638463896737,-1.8560690625,1
5,holdout,0.25,2.0,116.0,0.24,0.015,0.0012,47.5,2.3,11.2,64.3823917011675,8.611803952393183,13.355707330706645,-1.8560065625000002,1
6,holdout,0.25,2.0,131.0,0.04,0.024,3.4e-5,6.0,6.3,0.8,47.37276748063018,12.67358945443085,9.619725196793253,-1.9168112499999996,1
7,holdout,0.25,2.0,147.0,0.2,0.017,0.00086,54.1,1.6,12.9,64.08045901717217,8.951388022671868,13.20113517929675,-1.87186203125,1
8,holdout,0.25,2.0,162.0,0.12,0.02,0.00031,49.9,6.0,12.2,63.40905799390379,9.265564065737998,13.0152500003304,-1.8807760937499998,1
9,holdout,0.25,2.0,177.0,0.28,0.014,0.0017,55.0,1.5,13.6,64.18247703302164,9.114829818541885,13.157133153157533,-1.882496796875,1
11,holdout,0.25,2.0,208.0,0.18,0.018,0.00069,43.4,9.5,9.6,63.014631611820484,9.66395551492081,12.839086777028578,-1.89738546875,1
12,holdout,0.25,2.0,223.0,0.1,0.021,0.00021,23.4,4.9,4.3,61.73112460742055,10.144631895170203,12.531072567885575,-1.90694796875,1
13,holdout,0.25,2.0,239.0,0.26,0.014,0.0014,66.3,1.7,15.0,63.05654212244345,9.807145951882148,12.799477711172758,-1.9053260937499998,1
14,holdout,0.25,2.0,254.0,0.06,0.023,7.7e-5,0.0,3.6,0.0,47.2648448143111,13.74671975299454,9.424045231465932,-1.9575925,1
15,holdout,0.25,2.0,269.0,0.22,0.016,0.001,51.7,3.6,10.2,61.88633063820284,10.317579704715644,12.500827215476047,-1.91723703125,1
16,holdout,0.25,2.0,285.0,0.14,0.02,0.00042,31.5,7.1,5.7,60.11568392965919,10.929791263333087,12.096397316201388,-1.9275534374999999,1
18,holdout,0.25,2.0,290.0,0.29,0.013,0.0018,68.8,2.3,13.0,62.13347835229476,10.327479774385445,12.52929523982841,-1.9203936718750003,1
20,holdout,0.25,6.0,80.0,0.29,0.12,0.016,41.8,22.6,6.7,64.74978612003756,8.12613631880443,13.577913583700226,-1.8316432812499999,1
21,holdout,0.25,6.0,85.0,0.16,0.17,0.0049,70.3,3.7,14.0,64.65909127503028,8.213387382874432,13.534314684062664,-1.8359518750000001,1
22,holdout,0.25,6.0,101.0,0.08,0.2,0.0012,64.3,16.7,10.7,63.56852205000552,8.715769201253343,13.220945262292124,-1.8515768750000001,1
23,holdout,0.25,6.0,116.0,0.24,0.14,0.011,58.2,2.8,12.6,65.18811011954666,8.357710914971367,13.540121924214274,-1.85278390625,1
24,holdout,0.25,6.0,131.0,0.04,0.22,0.00031,22.6,19.3,3.2,52.02687405737587,11.857837240576151,10.604947262739666,-1.9056784374999998,1
25,holdout,0.25,6.0,147.0,0.2,0.15,0.0077,58.5,6.1,11.4,65.23585597259593,8.5788650056634,13.46341389761471,-1.8672018749999997,1
26,holdout,0.25,6.0,162.0,0.12,0.18,0.0028,52.6,22.4,7.5,64.93841801581976,8.775252131881645,13.360150309625054,-1.87462375,1
27,holdout,0.25,6.0,177.0,0.28,0.12,0.015,55.5,7.1,10.2,65.48309128887585,8.682916773290478,13.451533916524761,-1.8772503125,1
29,holdout,0.25,6.0,208.0,0.18,0.16,0.0062,60.2,6.7,10.8,64.98150692954572,9.018135509057227,13.279147918002538,-1.8895651562499998,1
30,holdout,0.25,6.0,223.0,0.1,0.19,0.0019,40.6,32.5,5.7,64.3673692164604,9.298879639939264,13.116036501199389,-1.8966940625,1
31,holdout,0.25,6.0,239.0,0.26,0.13,0.013,61.1,4.5,11.9,65.15910890810257,9.10114042228963,13.269022169203632,-1.8969600781250002,1
32,holdout,0.25,6.0,254.0,0.06,0.21,0.00069,0.1,6.3,0.8,55.18429995674703,12.11046241068936,11.078383100127578,-1.9377096875,1
33,holdout,0.25,6.0,269.0,0.22,0.14,0.0093,59.4,7.3,10.8,64.67034944409092,9.396436146802955,13.116605477598114,-1.90646046875,1
34,holdout,0.25,6.0,285.0,0.14,0.18,0.0038,47.6,20.7,6.8,63.84001669100134,9.744026238787304,12.911345479541247,-1.91378390625,1
36,holdout,0.25,6.0,290.0,0.29,0.12,0.016,62.0,5.7,11.4,64.88690536239227,9.4005383177863,13.138255635330312,-1.9097513867187499,1
38,holdout,0.25,10.0,80.0,0.29,0.33,0.045,45.8,20.8,9.1,64.9168410916896,8.075558195051206,13.616596469164607,-1.83099875,1
39,holdout,0.25,10.0,85.0,0.16,0.47,0.014,33.4,40.5,0.2,64.87077822796792,8.1486136825857,13.583364790981628,-1.83507296875,1
40,holdout,0.25,10.0,101.0,0.08,0.56,0.0034,50.2,29.1,6.3,63.94833122506556,8.601460564337955,13.30776432415617,-1.8500143750000002,1
41,holdout,0.25,10.0,116.0,0.24,0.38,0.031,40.4,22.8,7.3,65.45397796037163,8.271852050325343,13.60140376297976,-1.85167453125,1
42,holdout,0.25,10.0,131.0,0.04,0.61,0.00086,20.9,13.5,0.1,53.484265665831586,11.56569404976488,10.915943674491333,-1.9019675,1
43,holdout,0.25,10.0,147.0,0.2,0.42,0.021,25.8,29.9,4.3,65.60659720554081,8.454207822736313,13.54881024034636,-1.8655417187499999,1
44,holdout,0.25,10.0,162.0,0.12,0.51,0.0077,36.5,24.6,5.5,65.41862532173626,8.61531389753183,13.46950048836407,-1.8725729687500001,1
45,holdout,0.25,10.0,177.0,0.28,0.34,0.042,38.0,19.8,8.5,65.89591384679986,8.540947295557128,13.545937298966342,-1.8754778515625001,1
47,holdout,0.25,10.0,208.0,0.18,0.44,0.017,23.2,28.7,3.8,65.58116400043328,8.81215161276916,13.414758746591582,-1.8870260937499999,1
48,holdout,0.25,10.0,223.0,0.1,0.54,0.0054,28.8,18.4,5.0,65.14201763365013,9.036001417173132,13.289929040716057,-1.8934714062499998,1
49,holdout,0.25,10.0,239.0,0.26,0.36,0.036,34.9,23.4,7.0,65.79205243669306,8.87821004695443,13.412044479221713,-1.8942659375000002,1
50,holdout,0.25,10.0,254.0,0.06,0.58,0.0019,20.2,19.7,3.8,57.53569116003441,11.508563765483276,11.579061911018671,-1.9306784375,1
51,holdout,0.25,10.0,269.0,0.22,0.4,0.026,21.9,25.9,4.3,65.4793877675662,9.111585626334517,13.298159978516349,-1.90304171875,1
52,holdout,0.25,10.0,285.0,0.14,0.49,0.011,19.7,23.4,4.0,64.88383110482239,9.383629744804757,13.143615664796538,-1.9094870312499999,1
54,holdout,0.25,10.0,290.0,0.29,0.33,0.045,45.4,14.2,9.3,65.68603852401338,9.114407493119439,13.31764409274728,-1.9063772656250002,1
56,core,0.5,2.0,80.0,0.29,0.0067,0.0009,51.0,1.5,10.9,63.279311064534284,8.558262172358418,13.239720535935621,-1.8371862499999998,1
57,core,0.5,2.0,85.0,0.16,0.0093,0.00027,60.7,2.0,13.5,NaN,NaN,NaN,NaN,0
58,core,0.5,2.0,101.0,0.08,0.011,6.9e-5,71.5,3.0,16.6,NaN,NaN,NaN,NaN,0
59,core,0.5,2.0,116.0,0.24,0.0076,0.00062,60.9,2.2,13.7,NaN,NaN,NaN,NaN,0
60,core,0.5,2.0,131.0,0.04,0.012,1.7e-5,70.6,10.5,8.6,NaN,NaN,NaN,NaN,0
61,core,0.5,2.0,147.0,0.2,0.0085,0.00043,65.3,2.8,14.7,NaN,NaN,NaN,NaN,0
62,core,0.5,2.0,162.0,0.12,0.01,0.00015,69.7,3.7,16.1,NaN,NaN,NaN,NaN,0
63,core,0.5,2.0,177.0,0.28,0.0069,0.00084,67.7,2.4,14.1,NaN,NaN,NaN,NaN,0
65,extended,0.5,2.0,208.0,0.18,0.0089,0.00035,70.4,4.3,14.3,NaN,NaN,NaN,NaN,0
66,extended,0.5,2.0,223.0,0.1,0.011,0.00011,75.5,8.3,16.0,NaN,NaN,NaN,NaN,0
67,extended,0.5,2.0,239.0,0.26,0.0072,0.00072,74.3,4.4,12.6,NaN,NaN,NaN,NaN,0
68,extended,0.5,2.0,254.0,0.06,0.012,3.9e-5,70.6,13.1,10.7,NaN,NaN,NaN,NaN,0
69,extended,0.5,2.0,269.0,0.22,0.008,0.00052,75.0,6.2,12.2,NaN,NaN,NaN,NaN,0
70,extended,0.5,2.0,285.0,0.14,0.0098,0.00021,73.0,9.2,12.4,NaN,NaN,NaN,NaN,0
72,extended,0.5,2.0,290.0,0.29,0.0067,0.0009,73.1,4.5,10.5,54.835630580620254,12.383508513252021,10.964993536437808,-1.9429801953124994,1
74,core,0.5,6.0,80.0,0.29,0.06,0.0081,60.4,5.5,12.1,64.12417198444857,8.312699770902931,13.433582996674682,-1.834028046875,1
75,core,0.5,6.0,85.0,0.16,0.084,0.0025,61.0,9.5,12.8,63.8530971800725,8.453569348848498,13.349081494610573,-1.8391198437499998,1
76,core,0.5,6.0,101.0,0.08,0.1,0.00062,65.1,10.5,13.9,62.06737015530839,9.148044337059499,12.881738801545186,-1.8572409374999999,1
77,core,0.5,6.0,116.0,0.24,0.069,0.0056,58.8,7.6,12.7,64.15925491466643,8.679204550495653,13.30544786232988,-1.85678,1
78,core,0.5,6.0,131.0,0.04,0.11,0.00015,65.8,8.6,14.6,46.08321345204998,12.863625555613533,9.349406996429249,-1.9195456249999996,1
79,core,0.5,6.0,147.0,0.2,0.076,0.0039,58.4,8.5,12.5,63.751465547425376,9.05480319700841,13.126861044773657,-1.8731510937500002,1
80,core,0.5,6.0,162.0,0.12,0.092,0.0014,63.1,9.9,12.8,62.96647155425612,9.401871609679027,12.916414119755565,-1.8824362499999998,1
81,core,0.5,6.0,177.0,0.28,0.062,0.0076,62.0,4.6,12.4,63.80893857972775,9.2347052495659,13.07334691995782,-1.8839147656250002,1
83,extended,0.5,6.0,208.0,0.18,0.08,0.0031,60.9,10.5,12.8,62.422133043096714,9.850878583689678,12.70749860058737,-1.89965421875,1
84,extended,0.5,6.0,223.0,0.1,0.096,0.00096,65.0,10.2,14.0,60.9278807052899,10.386147051194072,12.355214348505259,-1.9097799999999998,1
85,extended,0.5,6.0,239.0,0.26,0.065,0.0065,66.3,5.2,13.6,62.41771795100633,10.012145392405461,12.6581443396162,-1.907736640625,1
86,extended,0.5,6.0,254.0,0.06,0.11,0.00035,62.1,10.1,14.0,45.02288258575712,14.105466109391653,8.962212013792497,-1.9625143749999998,1
87,extended,0.5,6.0,269.0,0.22,0.072,0.0047,65.3,5.9,13.5,61.0303822109248,10.582003467395491,12.314269182443278,-1.920214765625,1
88,extended,0.5,6.0,285.0,0.14,0.088,0.0019,69.2,5.9,14.2,58.93961640503832,11.27233963516576,11.843093712009837,-1.93141671875,1
90,extended,0.5,6.0,290.0,0.29,0.06,0.0081,63.4,7.7,12.1,61.275860481777826,10.598660222905394,12.342046745649865,-1.9234444531250001,1
92,core,0.5,10.0,80.0,0.29,0.17,0.023,68.1,3.4,14.8,64.40304857975366,8.229448639488464,13.498057065849679,-1.83293234375,1
93,core,0.5,10.0,85.0,0.16,0.23,0.0069,65.5,11.7,12.3,64.2154849427416,8.346489894549963,13.432201747170172,-1.8377096875,1
94,core,0.5,10.0,101.0,0.08,0.28,0.0017,74.7,10.7,14.8,62.75339892169644,8.953467675963697,13.036298273984373,-1.854701875,1
95,core,0.5,10.0,116.0,0.24,0.19,0.015,58.6,14.1,11.5,64.62492152955691,8.534896323086716,13.411520318704829,-1.8549753125000001,1
96,core,0.5,10.0,131.0,0.04,0.3,0.00043,53.6,18.2,12.5,48.8052617873034,12.44141885690957,9.92176997562409,-1.9134909374999998,1
97,core,0.5,10.0,147.0,0.2,0.21,0.011,47.3,18.9,10.6,64.43378010560275,8.83877431193567,13.281186612549373,-1.8704440625000003,1
98,core,0.5,10.0,162.0,0.12,0.26,0.0039,56.6,15.6,11.6,63.882224029860275,9.116707783526888,13.121510863054507,-1.8789206250000001,1
99,core,0.5,10.0,177.0,0.28,0.17,0.021,61.6,1.9,14.7,64.58224418346975,8.984509519387444,13.247163207423178,-1.88093703125,1
101,extended,0.5,10.0,208.0,0.18,0.22,0.0087,48.9,17.7,10.9,63.627272737969996,9.469131750229687,12.974924707724515,-1.8951167187500002,1
102,extended,0.5,10.0,223.0,0.1,0.27,0.0027,50.4,17.7,10.7,62.57206508213737,9.883427855298851,12.716421245397001,-1.9038229687500001,1
103,extended,0.5,10.0,239.0,0.26,0.18,0.018,65.8,3.5,14.1,63.720921279111714,9.589635270645218,12.946993532852813,-1.9027737500000002,1
104,extended,0.5,10.0,254.0,0.06,0.29,0.00096,47.1,18.9,10.8,49.70459521748725,13.305217271638773,9.929368562862697,-1.9519674999999999,1
105,extended,0.5,10.0,269.0,0.22,0.2,0.013,49.9,15.9,10.8,62.787485939567276,10.027823198258488,12.699154168970564,-1.9138339062500003,1
106,extended,0.5,10.0,285.0,0.14,0.24,0.0053,49.4,18.8,10.1,61.335464887512956,10.557472083859047,12.361344908535004,-1.9232565624999998,1
108,extended,0.5,10.0,290.0,0.29,0.17,0.023,63.8,6.2,12.8,63.01663718077475,10.040093444837439,12.72312878070016,-1.91714953125,1
110,core,1.0,2.0,80.0,0.29,0.0033,0.00045,61.5,2.2,13.0,NaN,NaN,NaN,NaN,0
111,core,1.0,2.0,85.0,0.16,0.0047,0.00014,70.5,2.6,15.1,NaN,NaN,NaN,NaN,0
112,core,1.0,2.0,101.0,0.08,0.0056,3.4e-5,74.6,3.3,16.7,NaN,NaN,NaN,NaN,0
113,core,1.0,2.0,116.0,0.24,0.0038,0.00031,66.5,2.9,14.2,NaN,NaN,NaN,NaN,0
114,core,1.0,2.0,131.0,0.04,0.0061,8.6e-6,67.4,13.2,7.4,NaN,NaN,NaN,NaN,0
115,core,1.0,2.0,147.0,0.2,0.0042,0.00021,70.7,3.5,13.3,NaN,NaN,NaN,NaN,0
116,core,1.0,2.0,162.0,0.12,0.0051,7.7e-5,69.4,7.4,13.4,NaN,NaN,NaN,NaN,0
117,core,1.0,2.0,177.0,0.28,0.0034,0.00042,69.8,5.1,11.4,NaN,NaN,NaN,NaN,0
119,extended,1.0,2.0,208.0,0.18,0.0044,0.00017,71.4,6.9,11.5,NaN,NaN,NaN,NaN,0
120,extended,1.0,2.0,223.0,0.1,0.0054,5.4e-5,74.4,8.0,10.4,NaN,NaN,NaN,NaN,0
121,extended,1.0,2.0,239.0,0.26,0.0036,0.00036,74.2,6.5,9.5,NaN,NaN,NaN,NaN,0
122,extended,1.0,2.0,254.0,0.06,0.0058,1.9e-5,62.4,11.5,6.6,NaN,NaN,NaN,NaN,0
123,extended,1.0,2.0,269.0,0.22,0.004,0.00026,74.8,7.7,8.7,NaN,NaN,NaN,NaN,0
124,extended,1.0,2.0,285.0,0.14,0.0049,0.00011,73.8,7.8,8.8,NaN,NaN,NaN,NaN,0
126,extended,1.0,2.0,290.0,0.29,0.0033,0.00045,72.0,6.1,7.9,NaN,NaN,NaN,NaN,0
128,core,1.0,6.0,80.0,0.29,0.03,0.0041,59.0,8.9,12.7,NaN,NaN,NaN,NaN,0
129,core,1.0,6.0,85.0,0.16,0.042,0.0012,64.6,12.0,13.2,NaN,NaN,NaN,NaN,0
130,core,1.0,6.0,101.0,0.08,0.05,0.00031,77.4,8.0,17.1,NaN,NaN,NaN,NaN,0
131,core,1.0,6.0,116.0,0.24,0.034,0.0028,64.3,5.8,14.0,NaN,NaN,NaN,NaN,0
132,core,1.0,6.0,131.0,0.04,0.055,7.7e-5,73.3,8.3,15.6,NaN,NaN,NaN,NaN,0
133,core,1.0,6.0,147.0,0.2,0.038,0.0019,64.4,9.5,12.7,NaN,NaN,NaN,NaN,0
134,core,1.0,6.0,162.0,0.12,0.046,0.00069,69.8,9.8,13.4,NaN,NaN,NaN,NaN,0
135,core,1.0,6.0,177.0,0.28,0.031,0.0038,63.2,8.7,12.4,NaN,NaN,NaN,NaN,0
137,extended,1.0,6.0,208.0,0.18,0.04,0.0016,69.7,6.4,13.2,NaN,NaN,NaN,NaN,0
138,extended,1.0,6.0,223.0,0.1,0.048,0.00048,73.5,8.9,13.6,NaN,NaN,NaN,NaN,0
139,extended,1.0,6.0,239.0,0.26,0.033,0.0033,68.1,8.5,11.6,NaN,NaN,NaN,NaN,0
140,extended,1.0,6.0,254.0,0.06,0.053,0.00017,56.0,11.4,9.7,NaN,NaN,NaN,NaN,0
141,extended,1.0,6.0,269.0,0.22,0.036,0.0023,64.4,11.0,9.7,NaN,NaN,NaN,NaN,0
142,extended,1.0,6.0,285.0,0.14,0.044,0.00095,68.2,11.5,9.8,NaN,NaN,NaN,NaN,0
144,extended,1.0,6.0,290.0,0.29,0.03,0.0041,60.1,16.3,7.6,NaN,NaN,NaN,NaN,0
146,core,1.0,10.0,80.0,0.29,0.083,0.011,52.7,10.9,11.7,63.574036318098166,8.472285610766791,13.307622158628833,-1.8360260937500001,1
147,core,1.0,10.0,85.0,0.16,0.12,0.0034,71.6,8.9,15.1,63.13209811360941,8.661831884370663,13.184612864086716,-1.841826875,1
148,core,1.0,10.0,101.0,0.08,0.14,0.00086,79.9,8.5,17.6,NaN,NaN,NaN,NaN,0
149,core,1.0,10.0,116.0,0.24,0.096,0.0077,60.9,7.4,14.5,63.21394405271308,8.965774174753307,13.090968889416109,-1.860389375,1
150,core,1.0,10.0,131.0,0.04,0.15,0.00021,73.9,6.9,17.5,NaN,NaN,NaN,NaN,0
151,core,1.0,10.0,147.0,0.2,0.11,0.0054,60.2,8.4,13.5,62.32096457459089,9.49048553535333,12.806071456263924,-1.878526484375,1
152,core,1.0,10.0,162.0,0.12,0.13,0.0019,76.7,8.0,14.8,60.98079586906008,9.992050027281403,12.475224151295565,-1.8897284375,1
153,core,1.0,10.0,177.0,0.28,0.086,0.011,60.1,11.8,10.7,62.159940336993856,9.747471334239103,12.705522220571211,-1.8900120312500002,1
155,extended,1.0,10.0,208.0,0.18,0.11,0.0043,64.9,11.5,11.2,59.733911275159905,10.647446282144625,12.118057500449808,-1.9090128125,1
156,extended,1.0,10.0,223.0,0.1,0.13,0.0013,70.6,12.8,11.9,NaN,NaN,NaN,NaN,0
157,extended,1.0,10.0,239.0,0.26,0.091,0.0091,58.5,14.0,9.8,59.485262969955684,10.89315667721232,12.017811312624342,-1.91780421875,1
158,extended,1.0,10.0,254.0,0.06,0.15,0.00048,69.3,15.6,12.1,NaN,NaN,NaN,NaN,0
159,extended,1.0,10.0,269.0,0.22,0.1,0.0065,61.9,12.4,9.7,56.98736895253531,11.73117144026609,11.443956101468833,-1.93311828125,1
160,extended,1.0,10.0,285.0,0.14,0.12,0.0026,67.6,11.4,10.5,53.42715023622693,12.694058102795864,10.673892963889076,-1.9474397656250002,1
162,extended,1.0,10.0,290.0,0.29,0.083,0.011,61.8,10.9,9.6,57.27581838365907,11.75574801010133,11.481979304323978,-1.9361008984375,1
