table,subset,gap_mm,Q_total_mL_min,j_mA_cm2,phi_AN,FE_ADN_obs,FE_ADN_model,FE_ADN_resid_pp,FE_PN_obs,FE_PN_model,FE_PN_resid_pp,V_cathode_SHE_V,V_cell_obs_V,V_cell_pred_V,V_cell_resid_V,delta_lev_um,kappa_eff_S_per_m,R_series_Ohm_m2,converged,note
Table_S2,Excluded,0.25,2,85,0.0200,0.00,28.06,28.06,5.90,6.37,0.47,-2.1303,NaN,3.9225,NaN,93.62,18.550,1.0843e-04,true,
Table_S2,Holdout,0.25,2,80,0.2900,43.90,68.09,24.19,2.00,10.95,8.95,-2.0305,3.2749,3.8214,0.5465,93.62,11.439,1.1367e-04,true,
Table_S2,Holdout,0.25,2,85,0.1600,46.40,68.43,22.03,3.10,10.62,7.52,-2.0354,3.3024,3.8294,0.5270,93.62,14.720,1.1062e-04,true,
Table_S2,Holdout,0.25,2,101,0.0800,45.80,67.96,22.16,5.60,9.57,3.97,-2.0557,3.4358,3.8660,0.4302,93.62,16.872,1.0927e-04,true,
Table_S2,Holdout,0.25,2,116,0.2400,47.50,71.91,24.41,2.30,9.21,6.91,-2.0533,3.5252,3.8837,0.3585,93.62,12.668,1.1234e-04,true,
Table_S2,Holdout,0.25,2,131,0.0400,6.00,50.07,44.07,6.30,6.85,0.55,-2.1320,3.8168,3.9744,0.1576,93.62,17.985,1.0870e-04,true,
Table_S2,Holdout,0.25,2,147,0.2000,54.10,73.66,19.56,1.60,8.18,6.58,-2.0701,3.6403,3.9339,0.2937,93.62,13.681,1.1143e-04,true,
Table_S2,Holdout,0.25,2,162,0.1200,49.90,73.71,23.81,6.00,7.74,1.74,-2.0801,3.6991,3.9581,0.2591,93.62,15.784,1.0991e-04,true,
Table_S2,Holdout,0.25,2,177,0.2800,55.00,75.33,20.33,1.50,7.49,5.99,-2.0817,4.1239,3.9824,-0.1415,93.62,11.681,1.1339e-04,true,
Table_S2,Excluded,0.25,2,193,0.0200,0.00,24.10,24.10,2.50,3.72,1.22,-2.2080,NaN,4.1173,NaN,93.62,18.550,1.0843e-04,true,
Table_S2,Holdout,0.25,2,208,0.1800,43.40,75.27,31.87,9.50,6.82,-2.68,-2.0986,4.2841,4.0296,-0.2545,93.62,14.198,1.1101e-04,true,
Table_S2,Holdout,0.25,2,223,0.1000,23.40,74.37,50.97,4.90,6.50,1.60,-2.1100,4.6100,4.0543,-0.5557,93.62,16.325,1.0958e-04,true,
Table_S2,Holdout,0.25,2,239,0.2600,66.30,76.37,10.07,1.70,6.38,4.68,-2.1076,4.6169,4.0773,-0.5396,93.62,12.171,1.1285e-04,true,
Table_S2,Holdout,0.25,2,254,0.0600,0.00,58.21,58.21,3.60,5.15,1.55,-2.1750,NaN,4.1518,NaN,93.62,17.426,1.0897e-04,true,
Table_S2,Holdout,0.25,2,269,0.2200,51.70,75.94,24.24,3.60,5.93,2.33,-2.1227,4.7313,4.1236,-0.6077,93.62,13.172,1.1187e-04,true,
Table_S2,Holdout,0.25,2,285,0.1400,31.50,74.39,42.89,7.10,5.66,-1.44,-2.1348,4.9731,4.1490,-0.8241,93.62,15.249,1.1026e-04,true,
Table_S2,Excluded,0.25,2,290,0.0200,0.00,18.94,18.94,2.90,2.61,-0.29,-2.2498,NaN,4.2643,NaN,93.62,18.550,1.0843e-04,true,
Table_S2,Holdout,0.25,2,290,0.2900,68.80,76.74,7.94,2.30,5.73,3.43,-2.1270,4.8739,4.1566,-0.7173,93.62,11.439,1.1367e-04,true,
Table_S3,Excluded,0.25,6,85,0.0200,0.60,31.40,30.80,9.10,6.76,-2.34,-2.1250,3.2353,3.9185,0.6832,64.91,18.550,1.0998e-04,true,
Table_S3,Holdout,0.25,6,80,0.2900,41.80,68.72,26.92,22.60,11.02,-11.58,-2.0272,3.0566,3.8201,0.7635,64.91,11.439,1.1618e-04,true,
Table_S3,Holdout,0.25,6,85,0.1600,70.30,69.24,-1.06,3.70,10.70,7.00,-2.0314,3.1165,3.8270,0.7106,64.91,14.720,1.1257e-04,true,
Table_S3,Holdout,0.25,6,101,0.0800,64.30,69.40,5.10,16.70,9.71,-6.99,-2.0490,3.1781,3.8611,0.6830,64.91,16.872,1.1097e-04,true,
Table_S3,Holdout,0.25,6,116,0.2400,58.20,72.89,14.69,2.80,9.30,6.50,-2.0479,3.4093,3.8808,0.4715,64.91,12.668,1.1461e-04,true,
Table_S3,Holdout,0.25,6,131,0.0400,22.60,55.07,32.47,19.30,7.23,-12.07,-2.1203,3.4437,3.9648,0.5211,64.91,17.985,1.1029e-04,true,
Table_S3,Holdout,0.25,6,147,0.2000,58.50,75.03,16.53,6.10,8.30,2.20,-2.0624,3.4215,3.9293,0.5078,64.91,13.681,1.1353e-04,true,
Table_S3,Holdout,0.25,6,162,0.1200,52.60,75.49,22.89,22.40,7.88,-14.52,-2.0703,3.5452,3.9513,0.4061,64.91,15.784,1.1173e-04,true,
Table_S3,Holdout,0.25,6,177,0.2800,55.50,76.83,21.33,7.10,7.60,0.50,-2.0728,3.7665,3.9778,0.2113,64.91,11.681,1.1584e-04,true,
Table_S3,Excluded,0.25,6,193,0.0200,0.30,30.71,30.41,3.00,4.22,1.22,-2.1986,3.1088,4.1109,1.0021,64.91,18.550,1.0998e-04,true,
Table_S3,Holdout,0.25,6,208,0.1800,60.20,77.49,17.29,6.70,6.98,0.28,-2.0860,3.9279,4.0211,0.0932,64.91,14.198,1.1304e-04,true,
Table_S3,Holdout,0.25,6,223,0.1000,40.60,77.32,36.72,32.50,6.70,-25.80,-2.0942,4.0158,4.0424,0.0266,64.91,16.325,1.1134e-04,true,
Table_S3,Holdout,0.25,6,239,0.2600,61.10,78.70,17.60,4.50,6.53,2.03,-2.0939,4.1986,4.0692,-0.1294,64.91,12.171,1.1521e-04,true,
Table_S3,Holdout,0.25,6,254,0.0600,0.10,66.95,66.85,6.30,5.62,-0.68,-2.1500,NaN,4.1310,NaN,64.91,17.426,1.1062e-04,true,
Table_S3,Holdout,0.25,6,269,0.2200,59.40,79.00,19.60,7.30,6.12,-1.18,-2.1045,4.4223,4.1113,-0.3110,64.91,13.172,1.1405e-04,true,
Table_S3,Holdout,0.25,6,285,0.1400,47.60,78.49,30.89,20.70,5.89,-14.81,-2.1133,4.4899,4.1329,-0.3570,64.91,15.249,1.1214e-04,true,
Table_S3,Excluded,0.25,6,290,0.0200,0.00,25.60,25.60,3.90,3.06,-0.84,-2.2410,NaN,4.2600,NaN,64.91,18.550,1.0998e-04,true,
Table_S3,Holdout,0.25,6,290,0.2900,62.00,79.74,17.74,5.70,5.91,0.21,-2.1081,4.0568,4.1450,0.0882,64.91,11.439,1.1618e-04,true,
Table_S4,Excluded,0.25,10,85,0.0200,0.00,32.69,32.69,13.00,6.90,-6.10,-2.1229,NaN,3.9168,NaN,54.75,18.550,1.1053e-04,true,
Table_S4,Holdout,0.25,10,80,0.2900,45.80,68.94,23.14,20.80,11.05,-9.75,-2.0260,3.0629,3.8196,0.7567,54.75,11.439,1.1707e-04,true,
Table_S4,Holdout,0.25,10,85,0.1600,33.40,69.51,36.11,40.50,10.73,-29.77,-2.0299,3.1445,3.8262,0.6817,54.75,14.720,1.1326e-04,true,
Table_S4,Holdout,0.25,10,101,0.0800,50.20,69.89,19.69,29.10,9.75,-19.35,-2.0468,3.0844,3.8595,0.7751,54.75,16.872,1.1157e-04,true,
Table_S4,Holdout,0.25,10,116,0.2400,40.40,73.21,32.81,22.80,9.33,-13.47,-2.0459,3.3156,3.8798,0.5641,54.75,12.668,1.1541e-04,true,
Table_S4,Holdout,0.25,10,131,0.0400,20.90,56.79,35.89,13.50,7.37,-6.13,-2.1158,3.3588,3.9611,0.6023,54.75,17.985,1.1086e-04,true,
Table_S4,Holdout,0.25,10,147,0.2000,25.80,75.47,49.67,29.90,8.33,-21.57,-2.0598,3.4698,3.9278,0.4579,54.75,13.681,1.1427e-04,true,
Table_S4,Holdout,0.25,10,162,0.1200,36.50,76.04,39.54,24.60,7.93,-16.67,-2.0669,3.5958,3.9489,0.3531,54.75,15.784,1.1237e-04,true,
Table_S4,Holdout,0.25,10,177,0.2800,38.00,77.30,39.30,19.80,7.64,-12.16,-2.0696,3.8396,3.9762,0.1366,54.75,11.681,1.1671e-04,true,
Table_S4,Excluded,0.25,10,193,0.0200,0.30,33.77,33.47,2.20,4.44,2.24,-2.1942,5.1813,4.1075,-1.0739,54.75,18.550,1.1053e-04,true,
Table_S4,Holdout,0.25,10,208,0.1800,23.20,78.16,54.96,28.70,7.03,-21.67,-2.0817,3.5873,4.0183,0.4310,54.75,14.198,1.1375e-04,true,
Table_S4,Holdout,0.25,10,223,0.1000,28.80,78.19,49.39,18.40,6.76,-11.64,-2.0889,3.6209,4.0386,0.4177,54.75,16.325,1.1196e-04,true,
Table_S4,Holdout,0.25,10,239,0.2600,34.90,79.41,44.51,23.40,6.57,-16.83,-2.0893,3.7437,4.0666,0.3229,54.75,12.171,1.1604e-04,true,
Table_S4,Holdout,0.25,10,254,0.0600,20.20,69.66,49.46,19.70,5.77,-13.93,-2.1406,3.3650,4.1231,0.7581,54.75,17.426,1.1120e-04,true,
Table_S4,Holdout,0.25,10,269,0.2200,21.90,79.88,57.98,25.90,6.18,-19.72,-2.0987,3.7805,4.1076,0.3271,54.75,13.172,1.1482e-04,true,
Table_S4,Holdout,0.25,10,285,0.1400,19.70,79.62,59.92,23.40,5.96,-17.44,-2.1063,3.6412,4.1278,0.4866,54.75,15.249,1.1280e-04,true,
Table_S4,Excluded,0.25,10,290,0.0200,0.20,29.09,28.89,2.40,3.27,0.87,-2.2363,4.8276,4.2569,-0.5707,54.75,18.550,1.1053e-04,true,
Table_S4,Holdout,0.25,10,290,0.2900,45.40,80.60,35.20,14.20,5.96,-8.24,-2.1023,3.9618,4.1418,0.1799,54.75,11.439,1.1707e-04,true,
Table_S5,Excluded,0.50,2,85,0.0200,33.10,23.17,-9.93,41.70,5.76,-35.94,-2.1377,3.1933,3.9389,0.7457,145.81,18.550,1.1909e-04,true,
Table_S5,Core,0.50,2,80,0.2900,51.00,66.88,15.88,1.50,10.81,9.31,-2.0365,3.0597,3.8413,0.7816,145.81,11.439,1.3096e-04,true,
Table_S5,Core,0.50,2,85,0.1600,60.70,66.86,6.16,2.00,10.44,8.44,-2.0429,2.9709,3.8483,0.8775,145.81,14.720,1.2406e-04,true,
Table_S5,Core,0.50,2,101,0.0800,71.50,64.93,-6.57,3.00,9.27,6.27,-2.0680,3.3225,3.8902,0.5677,145.81,16.872,1.2099e-04,true,
Table_S5,Core,0.50,2,116,0.2400,60.90,69.88,8.98,2.20,9.02,6.82,-2.0635,3.3807,3.9119,0.5313,145.81,12.668,1.2796e-04,true,
Table_S5,Core,0.50,2,131,0.0400,70.60,41.41,-29.19,10.50,6.16,-4.34,-2.1492,3.5636,4.0060,0.4424,145.81,17.985,1.1969e-04,true,
Table_S5,Core,0.50,2,147,0.2000,65.30,70.67,5.37,2.80,7.94,5.14,-2.0848,3.5315,3.9698,0.4384,145.81,13.681,1.2589e-04,true,
Table_S5,Core,0.50,2,162,0.1200,69.70,69.61,-0.09,3.70,7.43,3.73,-2.0988,3.7362,3.9972,0.2610,145.81,15.784,1.2244e-04,true,
Table_S5,Core,0.50,2,177,0.2800,67.70,71.93,4.23,2.40,7.23,4.83,-2.0988,3.8195,4.0295,0.2100,145.81,11.681,1.3032e-04,true,
Table_S5,Excluded,0.50,2,193,0.0200,0.00,17.02,17.02,9.40,3.11,-6.29,-2.2174,NaN,4.1472,NaN,145.81,18.550,1.1909e-04,true,
Table_S5,Extended-only,0.50,2,208,0.1800,70.40,69.80,-0.60,4.30,6.47,2.17,-2.1238,4.0628,4.0837,0.0209,145.81,14.198,1.2495e-04,true,
Table_S5,Extended-only,0.50,2,223,0.1000,75.50,66.86,-8.64,8.30,6.04,-2.26,-2.1402,4.0550,4.1116,0.0567,145.81,16.325,1.2170e-04,true,
Table_S5,Extended-only,0.50,2,239,0.2600,74.30,70.46,-3.84,4.40,6.02,1.62,-2.1358,4.1958,4.1443,-0.0514,145.81,12.171,1.2910e-04,true,
Table_S5,Extended-only,0.50,2,254,0.0600,70.60,43.67,-26.93,13.10,4.38,-8.72,-2.2051,4.1809,4.2107,0.0298,145.81,17.426,1.2033e-04,true,
Table_S5,Extended-only,0.50,2,269,0.2200,75.00,67.87,-7.13,6.20,5.49,-0.71,-2.1559,4.3055,4.1972,-0.1083,145.81,13.172,1.2689e-04,true,
Table_S5,Extended-only,0.50,2,285,0.1400,73.00,63.65,-9.35,9.20,5.10,-4.10,-2.1735,4.3217,4.2246,-0.0970,145.81,15.249,1.2323e-04,true,
Table_S5,Excluded,0.50,2,290,0.0200,0.40,12.74,12.34,5.00,2.13,-2.87,-2.2576,7.5862,4.3030,-3.2832,145.81,18.550,1.1909e-04,true,
Table_S5,Extended-only,0.50,2,290,0.2900,73.10,68.71,-4.39,4.50,5.30,0.80,-2.1610,4.3739,4.2407,-0.1332,145.81,11.439,1.3096e-04,true,
Table_S6,Excluded,0.50,6,85,0.0200,51.10,27.27,-23.83,17.30,6.28,-11.02,-2.1315,3.3397,3.9347,0.5951,101.10,18.550,1.2150e-04,true,
Table_S6,Core,0.50,6,80,0.2900,60.40,67.93,7.53,5.50,10.93,5.43,-2.0314,3.3198,3.8393,0.5195,101.10,11.439,1.3487e-04,true,
Table_S6,Core,0.50,6,85,0.1600,61.00,68.24,7.24,9.50,10.58,1.08,-2.0365,3.4882,3.8446,0.3564,101.10,14.720,1.2710e-04,true,
Table_S6,Core,0.50,6,101,0.0800,65.10,67.56,2.46,10.50,9.53,-0.97,-2.0574,3.3783,3.8823,0.5040,101.10,16.872,1.2364e-04,true,
Table_S6,Core,0.50,6,116,0.2400,58.80,71.65,12.85,7.60,9.18,1.58,-2.0548,3.7250,3.9073,0.1823,101.10,12.668,1.3149e-04,true,
Table_S6,Core,0.50,6,131,0.0400,65.80,48.77,-17.03,8.60,6.75,-1.85,-2.1348,3.5948,3.9948,0.4001,101.10,17.985,1.2218e-04,true,
Table_S6,Core,0.50,6,147,0.2000,58.40,73.29,14.89,8.50,8.15,-0.35,-2.0723,3.8549,3.9621,0.1073,101.10,13.681,1.2916e-04,true,
Table_S6,Core,0.50,6,162,0.1200,63.10,73.19,10.09,9.90,7.71,-2.19,-2.0826,4.0764,3.9856,-0.0908,101.10,15.784,1.2527e-04,true,
Table_S6,Core,0.50,6,177,0.2800,62.00,74.90,12.90,4.60,7.46,2.86,-2.0840,4.2277,4.0214,-0.2062,101.10,11.681,1.3415e-04,true,
Table_S6,Excluded,0.50,6,193,0.0200,22.50,22.79,0.29,14.00,3.61,-10.39,-2.2098,4.2931,4.1443,-0.1488,101.10,18.550,1.2150e-04,true,
Table_S6,Extended-only,0.50,6,208,0.1800,60.90,74.60,13.70,10.50,6.78,-3.72,-2.1020,4.5455,4.0684,-0.4770,101.10,14.198,1.2810e-04,true,
Table_S6,Extended-only,0.50,6,223,0.1000,65.00,73.46,8.46,10.20,6.44,-3.76,-2.1141,4.4843,4.0916,-0.3927,101.10,16.325,1.2443e-04,true,
Table_S6,Extended-only,0.50,6,239,0.2600,66.30,75.66,9.36,5.20,6.33,1.13,-2.1113,4.7145,4.1287,-0.5858,101.10,12.171,1.3277e-04,true,
Table_S6,Extended-only,0.50,6,254,0.0600,62.10,55.90,-6.20,10.10,5.03,-5.07,-2.1805,4.5980,4.1926,-0.4053,101.10,17.426,1.2289e-04,true,
Table_S6,Extended-only,0.50,6,269,0.2200,65.30,74.98,9.68,5.90,5.88,-0.02,-2.1274,4.3662,4.1778,-0.1883,101.10,13.172,1.3029e-04,true,
Table_S6,Extended-only,0.50,6,285,0.1400,69.20,73.08,3.88,5.90,5.58,-0.32,-2.1406,4.5129,4.2002,-0.3127,101.10,15.249,1.2616e-04,true,
Table_S6,Excluded,0.50,6,290,0.0200,0.00,17.74,17.74,5.50,2.53,-2.97,-2.2512,NaN,4.3036,NaN,101.10,18.550,1.2150e-04,true,
Table_S6,Extended-only,0.50,6,290,0.2900,63.40,75.80,12.40,7.70,5.68,-2.02,-2.1319,4.4455,4.2230,-0.2225,101.10,11.439,1.3487e-04,true,
Table_S7,Excluded,0.50,10,85,0.0200,46.40,28.98,-17.42,20.80,6.48,-14.32,-2.1289,3.0459,3.9329,0.8870,85.27,18.550,1.2236e-04,true,
Table_S7,Core,0.50,10,80,0.2900,68.10,68.30,0.20,3.40,10.97,7.57,-2.0296,3.0830,3.8386,0.7556,85.27,11.439,1.3626e-04,true,
Table_S7,Core,0.50,10,85,0.1600,65.50,68.67,3.17,11.70,10.64,-1.06,-2.0342,2.9546,3.8431,0.8885,85.27,14.720,1.2817e-04,true,
Table_S7,Core,0.50,10,101,0.0800,74.70,68.40,-6.30,10.70,9.61,-1.09,-2.0537,3.0559,3.8796,0.8237,85.27,16.872,1.2458e-04,true,
Table_S7,Core,0.50,10,116,0.2400,58.60,72.21,13.61,14.10,9.23,-4.87,-2.0518,3.3525,3.9057,0.5533,85.27,12.668,1.3274e-04,true,
Table_S7,Core,0.50,10,131,0.0400,53.60,51.53,-2.07,18.20,6.96,-11.24,-2.1287,3.2582,3.9899,0.7317,85.27,17.985,1.2306e-04,true,
Table_S7,Core,0.50,10,147,0.2000,47.30,74.08,26.78,18.90,8.22,-10.68,-2.0679,3.4632,3.9594,0.4962,85.27,13.681,1.3031e-04,true,
Table_S7,Core,0.50,10,162,0.1200,56.60,74.26,17.66,15.60,7.79,-7.81,-2.0772,3.5757,3.9817,0.4060,85.27,15.784,1.2628e-04,true,
Table_S7,Core,0.50,10,177,0.2800,61.60,75.80,14.20,1.90,7.52,5.62,-2.0791,3.6237,4.0190,0.3952,85.27,11.681,1.3550e-04,true,
Table_S7,Excluded,0.50,10,193,0.0200,2.80,25.76,22.96,6.70,3.85,-2.85,-2.2057,3.7997,4.1418,0.3422,85.27,18.550,1.2236e-04,true,
Table_S7,Extended-only,0.50,10,208,0.1800,48.90,75.97,27.07,17.70,6.87,-10.83,-2.0949,3.8831,4.0637,0.1806,85.27,14.198,1.2921e-04,true,
Table_S7,Extended-only,0.50,10,223,0.1000,50.40,75.31,24.91,17.70,6.56,-11.14,-2.1053,3.9068,4.0849,0.1782,85.27,16.325,1.2540e-04,true,
Table_S7,Extended-only,0.50,10,239,0.2600,65.80,77.11,11.31,3.50,6.42,2.92,-2.1035,3.9849,4.1240,0.1391,85.27,12.171,1.3407e-04,true,
Table_S7,Extended-only,0.50,10,254,0.0600,47.10,60.84,13.74,18.90,5.29,-13.61,-2.1682,3.9701,4.1826,0.2125,85.27,17.426,1.2380e-04,true,
Table_S7,Extended-only,0.50,10,269,0.2200,49.90,76.92,27.02,15.90,5.99,-9.91,-2.1166,4.1822,4.1703,-0.0118,85.27,13.172,1.3149e-04,true,
Table_S7,Extended-only,0.50,10,285,0.1400,49.40,75.73,26.33,18.80,5.73,-13.07,-2.1283,4.1629,4.1908,0.0279,85.27,15.249,1.2720e-04,true,
Table_S7,Excluded,0.50,10,290,0.0200,1.30,20.53,19.23,1.60,2.73,1.13,-2.2477,4.2529,4.3025,0.0496,85.27,18.550,1.2236e-04,true,
Table_S7,Extended-only,0.50,10,290,0.2900,63.80,77.71,13.91,6.20,5.79,-0.41,-2.1217,4.2671,4.2168,-0.0503,85.27,11.439,1.3626e-04,true,
Table_S8,Excluded,1.00,2,85,0.0200,26.10,18.10,-8.00,39.50,5.07,-34.43,-2.1449,3.5771,3.9655,0.3884,223.47,18.550,1.4186e-04,true,
Table_S8,Core,1.00,2,80,0.2900,61.50,64.84,3.34,2.20,10.59,8.39,-2.0455,3.4761,3.8798,0.4037,223.47,11.439,1.6789e-04,true,
Table_S8,Core,1.00,2,85,0.1600,70.50,64.13,-6.37,2.60,10.15,7.55,-2.0541,3.5741,3.8840,0.3099,223.47,14.720,1.5275e-04,true,
Table_S8,Core,1.00,2,101,0.0800,74.60,59.48,-15.12,3.30,8.78,5.48,-2.0860,3.6580,3.9334,0.2754,223.47,16.872,1.4602e-04,true,
Table_S8,Core,1.00,2,116,0.2400,66.50,66.19,-0.31,2.90,8.69,5.79,-2.0789,4.0929,3.9660,-0.1269,223.47,12.668,1.6130e-04,true,
Table_S8,Core,1.00,2,131,0.0400,67.40,31.54,-35.86,13.20,5.32,-7.88,-2.1656,4.1016,4.0532,-0.0484,223.47,17.985,1.4318e-04,true,
Table_S8,Core,1.00,2,147,0.2000,70.70,64.85,-5.85,3.50,7.49,3.99,-2.1072,4.3290,4.0377,-0.2913,223.47,13.681,1.5676e-04,true,
Table_S8,Core,1.00,2,162,0.1200,69.40,61.52,-7.88,7.40,6.86,-0.54,-2.1276,4.3955,4.0693,-0.3263,223.47,15.784,1.4920e-04,true,
Table_S8,Core,1.00,2,177,0.2800,69.80,65.05,-4.75,5.10,6.76,1.66,-2.1264,4.7557,4.1210,-0.6346,223.47,11.681,1.6648e-04,true,
Table_S8,Excluded,1.00,2,193,0.0200,20.30,11.71,-8.59,33.00,2.57,-30.43,-2.2243,4.8156,4.1981,-0.6175,223.47,18.550,1.4186e-04,true,
Table_S8,Extended-only,1.00,2,208,0.1800,71.40,58.89,-12.51,6.90,5.80,-1.10,-2.1582,4.6828,4.1800,-0.5028,223.47,14.198,1.5469e-04,true,
Table_S8,Extended-only,1.00,2,223,0.1000,74.40,53.30,-21.10,8.00,5.26,-2.74,-2.1774,4.8402,4.2064,-0.6338,223.47,16.325,1.4757e-04,true,
Table_S8,Extended-only,1.00,2,239,0.2600,74.20,58.56,-15.64,6.50,5.35,-1.15,-2.1727,4.6063,4.2642,-0.3422,223.47,12.171,1.6380e-04,true,
Table_S8,Extended-only,1.00,2,254,0.0600,62.40,30.37,-32.03,11.50,3.60,-7.90,-2.2262,5.0394,4.2934,-0.7460,223.47,17.426,1.4456e-04,true,
Table_S8,Extended-only,1.00,2,269,0.2200,74.80,53.31,-21.49,7.70,4.74,-2.96,-2.1949,5.0302,4.3225,-0.7077,223.47,13.172,1.5896e-04,true,
Table_S8,Extended-only,1.00,2,285,0.1400,73.80,47.44,-26.36,7.80,4.30,-3.50,-2.2110,5.1708,4.3411,-0.8297,223.47,15.249,1.5092e-04,true,
Table_S8,Excluded,1.00,2,290,0.0200,17.50,8.50,-9.00,34.00,1.74,-32.26,-2.2631,5.0710,4.3745,-0.6965,223.47,18.550,1.4186e-04,true,
Table_S8,Extended-only,1.00,2,290,0.2900,72.00,53.93,-18.07,6.10,4.57,-1.53,-2.2012,5.5278,4.3881,-1.1397,223.47,11.439,1.6789e-04,true,
Table_S9,Excluded,1.00,6,85,0.0200,62.50,22.46,-40.04,18.60,5.67,-12.93,-2.1387,3.5166,3.9624,0.4458,154.94,18.550,1.4556e-04,true,
Table_S9,Core,1.00,6,80,0.2900,59.00,66.65,7.65,8.90,10.79,1.89,-2.0376,3.5133,3.8767,0.3634,154.94,11.439,1.7388e-04,true,
Table_S9,Core,1.00,6,85,0.1600,64.60,66.55,1.95,12.00,10.41,-1.59,-2.0442,3.4418,3.8780,0.4361,154.94,14.720,1.5741e-04,true,
Table_S9,Core,1.00,6,101,0.0800,77.40,64.34,-13.06,8.00,9.22,1.22,-2.0701,3.6755,3.9217,0.2462,154.94,16.872,1.5009e-04,true,
Table_S9,Core,1.00,6,116,0.2400,64.30,69.49,5.19,5.80,8.98,3.18,-2.0652,3.9185,3.9586,0.0401,154.94,12.668,1.6671e-04,true,
Table_S9,Core,1.00,6,131,0.0400,73.30,40.05,-33.25,8.30,6.05,-2.25,-2.1516,3.8472,4.0441,0.1970,154.94,17.985,1.4699e-04,true,
Table_S9,Core,1.00,6,147,0.2000,64.40,70.07,5.67,9.50,7.90,-1.60,-2.0873,4.2102,4.0251,-0.1850,154.94,13.681,1.6177e-04,true,
Table_S9,Core,1.00,6,162,0.1200,69.80,68.77,-1.03,9.80,7.37,-2.43,-2.1022,4.2635,4.0509,-0.2126,154.94,15.784,1.5354e-04,true,
Table_S9,Core,1.00,6,177,0.2800,63.20,71.22,8.02,8.70,7.19,-1.51,-2.1018,4.6742,4.1068,-0.5674,154.94,11.681,1.7234e-04,true,
Table_S9,Excluded,1.00,6,193,0.0200,38.60,16.17,-22.43,39.90,3.02,-36.88,-2.2186,4.5186,4.1995,-0.3191,154.94,18.550,1.4556e-04,true,
Table_S9,Extended-only,1.00,6,208,0.1800,69.70,68.65,-1.05,6.40,6.40,-0.00,-2.1281,4.6320,4.1599,-0.4721,154.94,14.198,1.5952e-04,true,
Table_S9,Extended-only,1.00,6,223,0.1000,73.50,65.30,-8.20,8.90,5.95,-2.95,-2.1453,4.5815,4.1838,-0.3977,154.94,16.325,1.5176e-04,true,
Table_S9,Extended-only,1.00,6,239,0.2600,68.10,69.19,1.09,8.50,5.94,-2.56,-2.1406,4.9137,4.2456,-0.6681,154.94,12.171,1.6943e-04,true,
Table_S9,Extended-only,1.00,6,254,0.0600,56.00,41.63,-14.37,11.40,4.26,-7.14,-2.2086,5.0297,4.2858,-0.7439,154.94,17.426,1.4850e-04,true,
Table_S9,Extended-only,1.00,6,269,0.2200,64.40,66.16,1.76,11.00,5.40,-5.60,-2.1615,5.2254,4.3031,-0.9222,154.94,13.172,1.6416e-04,true,
Table_S9,Extended-only,1.00,6,285,0.1400,68.20,61.55,-6.65,11.50,5.00,-6.50,-2.1793,5.0871,4.3223,-0.7648,154.94,15.249,1.5542e-04,true,
Table_S9,Excluded,1.00,6,290,0.0200,31.00,12.05,-18.95,26.70,2.08,-24.62,-2.2584,5.1297,4.3805,-0.7491,154.94,18.550,1.4556e-04,true,
Table_S9,Extended-only,1.00,6,290,0.2900,60.10,66.99,6.89,16.30,5.22,-11.08,-2.1668,5.0498,4.3711,-0.6787,154.94,11.439,1.7388e-04,true,
Table_S10,Excluded,1.00,10,85,0.0200,0.10,24.44,24.34,1.00,5.93,4.93,-2.1358,2.5882,3.9606,1.3724,130.68,18.550,1.4686e-04,true,
Table_S10,Core,1.00,10,80,0.2900,52.70,67.24,14.54,10.90,10.86,-0.04,-2.0348,3.6512,3.8756,0.2244,130.68,11.439,1.7600e-04,true,
Table_S10,Core,1.00,10,85,0.1600,71.60,67.34,-4.26,8.90,10.49,1.59,-2.0407,3.5741,3.8759,0.3018,130.68,14.720,1.5906e-04,true,
Table_S10,Core,1.00,10,101,0.0800,79.90,65.85,-14.05,8.50,9.37,0.87,-2.0643,3.5679,3.9173,0.3494,130.68,16.872,1.5152e-04,true,
Table_S10,Core,1.00,10,116,0.2400,60.90,70.51,9.61,7.40,9.07,1.67,-2.0606,3.8436,3.9562,0.1125,130.68,12.668,1.6862e-04,true,
Table_S10,Core,1.00,10,131,0.0400,73.90,43.79,-30.11,6.90,6.35,-0.55,-2.1447,3.9046,4.0391,0.1344,130.68,17.985,1.4834e-04,true,
Table_S10,Core,1.00,10,147,0.2000,60.20,71.61,11.41,8.40,8.01,-0.39,-2.0805,4.1935,4.0209,-0.1726,130.68,13.681,1.6354e-04,true,
Table_S10,Core,1.00,10,162,0.1200,76.70,70.92,-5.78,8.00,7.54,-0.46,-2.0932,4.1935,4.0444,-0.1491,130.68,15.784,1.5508e-04,true,
Table_S10,Core,1.00,10,177,0.2800,60.10,73.01,12.91,11.80,7.31,-4.49,-2.0938,4.5363,4.1025,-0.4338,130.68,11.681,1.7442e-04,true,
Table_S10,Excluded,1.00,10,193,0.0200,50.60,18.64,-31.96,27.20,3.26,-23.94,-2.2152,4.3910,4.1987,-0.1923,130.68,18.550,1.4686e-04,true,
Table_S10,Extended-only,1.00,10,208,0.1800,64.90,71.58,6.68,11.50,6.58,-4.92,-2.1160,4.5072,4.1514,-0.3558,130.68,14.198,1.6123e-04,true,
Table_S10,Extended-only,1.00,10,223,0.1000,70.60,69.31,-1.29,12.80,6.19,-6.61,-2.1315,4.5993,4.1732,-0.4261,130.68,16.325,1.5325e-04,true,
Table_S10,Extended-only,1.00,10,239,0.2600,58.50,72.41,13.91,14.00,6.13,-7.87,-2.1277,5.2536,4.2374,-1.0161,130.68,12.171,1.7142e-04,true,
Table_S10,Extended-only,1.00,10,254,0.0600,69.30,47.40,-21.90,15.60,4.58,-11.02,-2.1983,4.9042,4.2790,-0.6253,130.68,17.426,1.4989e-04,true,
Table_S10,Extended-only,1.00,10,269,0.2200,61.90,70.51,8.61,12.40,5.63,-6.77,-2.1465,5.4716,4.2930,-1.1786,130.68,13.172,1.6600e-04,true,
Table_S10,Extended-only,1.00,10,285,0.1400,67.60,67.07,-0.53,11.40,5.27,-6.13,-2.1629,5.0682,4.3104,-0.7578,130.68,15.249,1.5701e-04,true,
Table_S10,Excluded,1.00,10,290,0.0200,42.60,14.09,-28.51,25.10,2.25,-22.85,-2.2559,5.0413,4.3818,-0.6596,130.68,18.550,1.4686e-04,true,
Table_S10,Extended-only,1.00,10,290,0.2900,61.80,71.37,9.57,10.90,5.44,-5.46,-2.1512,5.2601,4.3616,-0.8985,130.68,11.439,1.7600e-04,true,
