V,eps_org,delta_um,j1,j2,j3,j4,j_total,FE_ADPN,FE_PN,FE_HER,FE_TCH,pH_bulk,phi_span,max_eneutr,Na_dev,iface_var,max_Rbuf_surf,max_Rbuf_bulk,AN_depletion,c_AN_surface,c_AN_bulk,phi_l_surface
-1.00000000e+00,0.2500,50.0000,5.00546018e-06,3.81908787e-06,3.52015727e-04,6.56037056e-06,3.67400645e-04,1.362398,1.039489,95.812495,1.785618,13.026907,0.00000000e+00,0.00000000e+00,8.97527666e-16,0.00000000e+00,3.72574349e-09,3.72574349e-09,1.000000,1.31064284e+03,1.31064284e+03,0.00000000e+00
-1.05000000e+00,0.2500,50.0000,1.32443748e-05,1.01052509e-05,7.51934963e-04,1.73586450e-05,7.92643234e-04,1.670912,1.274880,94.864238,2.189969,13.026907,0.00000000e+00,0.00000000e+00,8.97527666e-16,0.00000000e+00,3.72574349e-09,3.72574349e-09,1.000000,1.31064284e+03,1.31064284e+03,0.00000000e+00
-1.12000000e+00,0.2500,50.0000,5.17194496e-05,3.94611316e-05,2.17593429e-03,6.77857265e-05,2.33490060e-03,2.215060,1.690056,93.191731,2.903153,13.026907,0.00000000e+00,0.00000000e+00,8.97527666e-16,0.00000000e+00,3.72574349e-09,3.72574349e-09,1.000000,1.31064284e+03,1.31064284e+03,0.00000000e+00
-1.21800000e+00,0.2500,50.0000,3.48277405e-04,2.65730215e-04,9.63157857e-03,4.56467288e-04,1.07020535e-02,3.254304,2.482983,89.997481,4.265231,13.026907,0.00000000e+00,0.00000000e+00,8.97527666e-16,0.00000000e+00,3.72574349e-09,3.72574349e-09,1.000000,1.31064284e+03,1.31064284e+03,0.00000000e+00
-1.35520000e+00,0.2500,50.0000,5.02927365e-03,3.83725717e-03,7.72982828e-02,6.59158151e-03,9.27563952e-02,5.422024,4.136919,83.334721,7.106336,13.026907,0.00000000e+00,0.00000000e+00,8.97527666e-16,0.00000000e+00,3.72574349e-09,3.72574349e-09,1.000000,1.31064284e+03,1.31064284e+03,0.00000000e+00
-1.54728000e+00,0.2500,50.0000,2.11310634e-01,1.61228455e-01,1.42705833e+00,2.76949773e-01,2.07654720e+00,10.176057,7.764257,68.722653,13.337032,13.026907,1.60118188e-06,2.27373675e-13,6.24021178e-05,2.47915100e-10,9.10250306e+00,3.72574349e-09,0.999989,1.31062866e+03,1.31064284e+03,1.60118188e-06
-1.74728000e+00,0.2500,50.0000,1.03556127e+01,7.90676018e+00,2.97380152e+01,1.35629148e+01,6.15633029e+01,16.821080,12.843301,48.304775,22.030843,13.026907,6.18837962e-05,2.27373675e-13,2.41152921e-03,3.10376052e-12,3.26228316e+02,3.72574349e-09,0.999293,1.30971630e+03,1.31064284e+03,6.18837962e-05
-1.94728000e+00,0.2500,50.0000,4.89411233e+02,3.86118355e+02,6.33300121e+02,6.20336619e+02,2.12916633e+03,22.986050,18.134720,29.744042,29.135188,13.026907,1.55220528e-03,2.27373675e-13,6.22786741e-02,7.85808999e-08,1.38999501e+03,3.72574349e-09,0.967095,1.26751610e+03,1.31064284e+03,1.55220528e-03
-2.00728000e+00,0.2500,50.0000,1.44525029e+03,1.21764288e+03,1.63277690e+03,1.71540312e+03,6.01107319e+03,24.043132,20.256664,27.162818,28.537385,13.026907,3.94518913e-03,2.27373675e-13,1.66089797e-01,4.60912343e-06,6.59416064e+02,3.72574349e-09,0.905605,1.18692460e+03,1.31064284e+03,3.94518913e-03
-2.09128000e+00,0.2500,50.0000,5.22825959e+03,5.78358563e+03,6.80738563e+03,4.72625463e+03,2.25454855e+04,23.189829,25.652966,30.194008,20.963197,13.026907,1.40015070e-02,4.54747351e-13,7.24544941e-01,1.46114984e-09,9.83151192e+01,3.72574349e-09,0.689724,9.03982396e+02,1.31064284e+03,1.40015070e-02
-2.11900000e+00,0.2500,50.0000,7.24185122e+03,9.43063593e+03,1.13206817e+04,5.56106815e+03,3.35542370e+04,21.582524,28.105649,33.738457,16.573371,13.026907,1.97887920e-02,4.54747351e-13,1.16023186e+00,7.46783818e-07,4.12804998e+01,3.72574349e-09,0.585901,7.67906987e+02,1.31064284e+03,1.97887920e-02
-2.15780800e+00,0.2500,50.0000,1.01731135e+04,1.79278387e+04,2.36570662e+04,5.77271137e+03,5.75307297e+04,17.682921,31.162196,41.120748,10.034135,13.026907,2.95351941e-02,9.09494702e-13,2.15680731e+00,1.10402388e-08,9.95279150e+00,3.72574349e-09,0.432954,5.67447849e+02,1.31064284e+03,2.95351941e-02
-2.20049680e+00,0.2500,50.0000,1.21338646e+04,3.35391129e+04,5.47787928e+04,4.38982007e+03,1.04841590e+05,11.573522,31.990275,52.249105,4.187098,13.026907,4.21606271e-02,9.09494702e-13,4.16014705e+00,5.97477623e-12,1.54103492e+00,3.72574349e-09,0.276034,3.61782516e+02,1.31064284e+03,4.21606271e-02
-2.24745448e+00,0.2500,50.0000,1.04873822e+04,5.77740115e+04,1.43368500e+05,1.90371385e+03,2.13533608e+05,4.911350,27.056168,67.140953,0.891529,13.026907,5.85855620e-02,4.54747351e-13,8.77914610e+00,2.93920444e-11,1.29427969e-01,3.72574349e-09,0.138500,1.81524217e+02,1.31064284e+03,5.85855620e-02
-2.29910793e+00,0.2500,50.0000,5.07389183e+03,8.23433186e+04,4.39021159e+05,3.12646839e+02,5.26751016e+05,0.963243,15.632304,83.345100,0.059354,13.026907,8.06585788e-02,1.81898940e-12,2.20893723e+01,1.24980026e-10,4.44872012e-03,3.72574349e-09,0.047014,6.16187435e+01,1.31064284e+03,8.06585788e-02
-2.35592672e+00,0.2500,50.0000,1.23303607e+03,9.45483999e+04,1.64183972e+06,1.60804196e+01,1.73763723e+06,0.070961,5.441205,94.486909,0.000925,13.026907,1.10735061e-01,0.00000000e+00,7.34406053e+01,3.99604616e-09,1.80077293e-01,3.72574349e-09,0.009950,1.30413214e+01,1.31064284e+03,1.10735061e-01
-2.41842739e+00,0.2500,50.0000,1.87038828e+02,9.75196050e+04,7.50149759e+06,3.58733232e-01,7.59920459e+06,0.002461,1.283287,98.714247,0.000005,13.026907,1.48322490e-01,0.00000000e+00,3.20491073e+02,8.16809965e-06,4.38128935e-01,3.72574349e-09,0.001463,1.91796129e+00,1.31064284e+03,1.48322490e-01
-2.43905261e+00,0.2500,50.0000,9.79987770e+01,9.77669542e+04,1.24686342e+07,9.82311494e-02,1.25664992e+07,0.000780,0.777997,99.221223,0.000001,13.026907,1.61170981e-01,0.00000000e+00,5.29094663e+02,1.45763840e-06,9.51152894e-02,3.72574349e-09,0.000765,1.00237118e+00,1.31064284e+03,1.61170981e-01
-2.46174036e+00,0.2500,50.0000,4.78920506e+01,9.79057817e+04,2.18437336e+07,2.34270997e-02,2.19416873e+07,0.000218,0.446209,99.553573,0.000000,13.026907,1.75421122e-01,0.00000000e+00,9.22061392e+02,4.85426398e-07,8.18367323e-03,3.72574349e-09,0.000373,4.89164682e-01,1.31064284e+03,1.75421122e-01
-2.48669688e+00,0.2500,50.0000,2.17145811e+01,9.79782044e+04,4.05291213e+07,4.81252982e-03,4.06271212e+07,0.000053,0.241165,99.758782,0.000000,13.026907,1.91184489e-01,0.00000000e+00,1.70385181e+03,3.34879076e-07,6.73245448e-04,3.72574349e-09,0.000169,2.21626648e-01,1.31064284e+03,1.91184489e-01
-2.50000000e+00,0.2500,50.0000,1.42322287e+01,9.79988915e+04,5.63668133e+07,2.06692474e-03,5.64648264e+07,0.000025,0.173557,99.826417,0.000000,13.026907,1.99612006e-01,0.00000000e+00,2.36568878e+03,1.32403784e-07,1.06031530e-05,3.72574349e-09,0.000111,1.45228466e-01,1.31064284e+03,1.99612006e-01
